title,image,category
Storytelling takes center stage at the Women Who Empower summit,https://news.northeastern.edu/wp-content/uploads/2019/11/women_who_empower_1400.jpg,"Campus, Commun¬≠ity &amp; Events"
"‚ÄòVery, very anxious, and ready to play‚Äô",https://news.northeastern.edu/wp-content/uploads/2019/11/JIMP3271_1400.jpg,Athletics
Here‚Äôs how two veterans of the Iraq war say their combat experience served them in Congress ,https://news.northeastern.edu/wp-content/uploads/2019/11/110419_RW_civic_experience_07.jpg,"Campus, Commun¬≠ity &amp; Events"
 Is Oklahoma‚Äôs mass commutation of prisoners too small to make a difference?,https://news.northeastern.edu/wp-content/uploads/2019/11/oklahoma_1400.jpg,Faculty Experts &amp; Current Events
"She dug deeper, and found her career path",https://news.northeastern.edu/wp-content/uploads/2019/10/Zipporah_Osei_1400.jpg,Students
How to start a new life when the dream of baseball ends,https://news.northeastern.edu/wp-content/uploads/2019/10/AP_Saltalamacchia_1400a.jpg,Announcements &amp; Partnerships
Your child is feeling sluggish. How much water has she had to drink today?,https://news.northeastern.edu/wp-content/uploads/2019/11/water_1400.jpg,Research
Here‚Äôs how to find out if your clothing was made in an unsafe factory,https://news.northeastern.edu/wp-content/uploads/2019/10/AP_Rana_Plaza_1400.jpg,Faculty Experts &amp; Current Events
October in a flash,https://news.northeastern.edu/wp-content/uploads/2019/11/Thumbnail0.jpg,Photos and Videos
When you can‚Äôt imagine living in a city again,https://news.northeastern.edu/wp-content/uploads/2019/10/VerdEnergia_178AE.jpg,Students
Twitter has banned political ads. Is Facebook next?,https://news.northeastern.edu/wp-content/uploads/2019/10/103019_MM_twitter_1400.jpg,Faculty Experts &amp; Current Events
Ride along with the Cycling Club,https://news.northeastern.edu/wp-content/uploads/2019/10/cycling-1400x933.jpg,Photos and Videos
Can‚Äôt-miss events in November,https://news.northeastern.edu/wp-content/uploads/2019/10/cantmissevents_1400.jpg,"Campus, Commun¬≠ity &amp; Events"
October in photos,https://news.northeastern.edu/wp-content/uploads/2019/10/100819_RW_campus_feature_1400a-1.jpg,Photos and Videos
 Here‚Äôs how Brexit‚Äìpostponed again‚Äìis testing political norms in the UK,https://news.northeastern.edu/wp-content/uploads/2019/10/AP_Boris_Johnson_1400.jpg,Faculty Experts &amp; Current Events
The sounds of the past are coming to the instruments of the future,https://news.northeastern.edu/wp-content/uploads/2019/09/091319_MM_Victor_Zappi_012.jpg,Research
What‚Äôs going on in your brain (when you‚Äôre scared out of your mind),https://news.northeastern.edu/wp-content/uploads/2019/10/spooky_1400.jpg,Research
"‚ÄòJust make the call, make the call, make the call. Just keep going.‚Äô",https://news.northeastern.edu/wp-content/uploads/2019/10/102819_MM_Investigative_Journalism_004.jpg,"Campus, Commun¬≠ity &amp; Events"
Squashing the competition,https://news.northeastern.edu/wp-content/uploads/2019/10/pumpkin_carving_2019.jpg,Photos and Videos
The Gulf of Maine cod fishery is in rough shape. The fishermen aren‚Äôt doing much better. ,https://news.northeastern.edu/wp-content/uploads/2019/10/cod_1400.jpg,Research
Here‚Äôs what you might have missed during Mark Zuckerberg‚Äôs congressional hearing,https://news.northeastern.edu/wp-content/uploads/2019/10/zuck_1400.jpg,Faculty Experts &amp; Current Events
‚ÄòI love the fact that you combined all that‚Äô ,https://news.northeastern.edu/wp-content/uploads/2019/10/coffee_featured.jpg,Photos and Videos
A whole new way to measure pain,https://news.northeastern.edu/wp-content/uploads/2019/10/101519_RW_Yingzi_Lin_03.jpg,Research
Why are so many people on Medicare struggling to afford food?,https://news.northeastern.edu/wp-content/uploads/2019/10/food_1400.jpg,Research
 Roll bars and dented fenders: How to hit 35 mph on a lawnmower engine,https://news.northeastern.edu/wp-content/uploads/2019/10/101619_MM_baja_047.jpg,Students
"Get ready, gamers",https://news.northeastern.edu/wp-content/uploads/2019/10/FollowFriday-Featured.jpg,Photos and Videos
"What you need to know about the ‚Äòforever chemicals‚Äô in your food, water, and air",https://news.northeastern.edu/wp-content/uploads/2019/10/water_1400.jpg,Research
The Great Candy Corn Debate,https://news.northeastern.edu/wp-content/uploads/2019/10/CandyCorn-Featured.jpg,Photos and Videos
 Here‚Äôs what makes unrest become a protest,https://news.northeastern.edu/wp-content/uploads/2019/10/AP_1400.jpg,Faculty Experts &amp; Current Events
A data designer takes aim at the numbers,https://news.northeastern.edu/wp-content/uploads/2019/09/092619_RW_Paolo_Ciuccarelli_03.jpg,Research
Her family broke the cycle of poverty she was born into. She wants to do the same for others.,https://news.northeastern.edu/wp-content/uploads/2019/10/101819_MM_Urbashee_Paul_1400.jpg,Students
Mitt Romney‚Äôs secret Twitter account has a surprisingly harmless explanation,https://news.northeastern.edu/wp-content/uploads/2019/10/Mitt_Romney_1400.jpg,Faculty Experts &amp; Current Events
He explores the space where cultures collide,https://news.northeastern.edu/wp-content/uploads/2019/10/100719_RW_Tom_Nakayama_2.jpg,Announcements &amp; Partnerships
The salamander that eats its siblings‚Äô arms could one day help you grow a new one,https://news.northeastern.edu/wp-content/uploads/2019/10/071919_MM_James_Monaghan_1400_2.jpg,Research
How might the LGBT cases in front of the Supreme Court affect the workers of tomorrow?,https://news.northeastern.edu/wp-content/uploads/2019/10/AP_19280531291453.jpg,"Campus, Commun¬≠ity &amp; Events"
"To build a better drone, look to the bat",https://news.northeastern.edu/wp-content/uploads/2019/09/092419_RW_Alireza_Ramezani_06.jpg,Research
Life in the <i>Hyphen</i>,https://news.northeastern.edu/wp-content/uploads/2019/09/Maria_ServelloÃÅn_1400.jpg,Research
Northeastern University launches the Institute for the Wireless Internet of Things,https://news.northeastern.edu/wp-content/uploads/2019/10/1400-1.jpg,"Campus, Commun¬≠ity &amp; Events"
We know what we know (even when we don‚Äôt want to),https://news.northeastern.edu/wp-content/uploads/2019/10/baby-brain-1400x933.jpg,Research
Get ahead of the Head of the Charles,https://news.northeastern.edu/wp-content/uploads/2019/10/RowingVideo-Featured.jpg,Photos and Videos
It‚Äôs always a beautiful day to be a custom staircase builder in Australia,https://news.northeastern.edu/wp-content/uploads/2019/10/chase_stairs_lead.jpg,Students
"This is the course 11,000 athletes will row for the Head of the Charles Regatta",https://news.northeastern.edu/wp-content/uploads/2019/10/CharlesViz-Featured.jpg,Digital Projects
Signs of the times: New public art installation brings climate change home,https://news.northeastern.edu/wp-content/uploads/2019/09/092419_MM_Thomas-Starr_001.jpg,Research
He‚Äôs counting on a boom in supersonic air travel,https://news.northeastern.edu/wp-content/uploads/2019/10/NLP_6983.jpg,Students
Here‚Äôs a guide to D-Day that helps you navigate the beaches of Normandy,https://news.northeastern.edu/wp-content/uploads/2019/10/101319_MM_Kevin_Dennehy_014.jpg,Students
Get ready for the next Industrial Revolution,https://news.northeastern.edu/wp-content/uploads/2019/09/092319_MM_Sagar_Kamarthi_012.jpg,Research
‚ÄòThe change begins with you‚Äô,https://news.northeastern.edu/wp-content/uploads/2019/10/1400.jpg,"Campus, Commun¬≠ity &amp; Events"
Here‚Äôs why the Constitution is frustratingly vague when it comes to impeachment,https://news.northeastern.edu/wp-content/uploads/2019/10/congress-hearing-1400x933.jpg,Faculty Experts &amp; Current Events
They‚Äôre not waiting for their boat to come in. They‚Äôre rowing it.,https://news.northeastern.edu/wp-content/uploads/2019/09/Wilson_Dietz_1400.jpg,Alumni
Here‚Äôs what works‚Äìand what doesn't‚Äìwhen it comes to coping with climate change at the edge of the sea,https://news.northeastern.edu/wp-content/uploads/2019/10/IMG_3323.jpg,Students
Blast off with AerospaceNU,https://news.northeastern.edu/wp-content/uploads/2019/10/FollowFriday-Rocket-Featured.jpg,Photos and Videos
The missed opportunity in California‚Äôs power outage,https://news.northeastern.edu/wp-content/uploads/2019/10/wildfire_1400.jpg,Faculty Experts &amp; Current Events
How closely did you listen to the last movie you watched?,https://news.northeastern.edu/wp-content/uploads/2019/10/making_waves_1400.jpg,"Campus, Commun¬≠ity &amp; Events"
Can nature reduce the damage caused by hurricanes?,https://news.northeastern.edu/wp-content/uploads/2019/08/080719_RW_StevenScyphers_09.jpg,Research
She dreams of falling walls and better cities,https://news.northeastern.edu/wp-content/uploads/2019/09/092719_MM_Claire_Coletti_010.jpg,Alumni
Pesky squirrels have taken your books. Get them back!,https://news.northeastern.edu/wp-content/uploads/2019/10/featured.jpg,Digital Projects
A vanishing point along the line between geometry and art,https://news.northeastern.edu/wp-content/uploads/2019/10/092419_RW_Katy_Ann_Gilmore_07.jpg,"Campus, Commun¬≠ity &amp; Events"
How to breed a better oyster,https://news.northeastern.edu/wp-content/uploads/2019/09/091919_RW_Katie_Lotterhos_03.jpg,Research
‚ÄòWe expect to win‚Äô,https://news.northeastern.edu/wp-content/uploads/2019/10/athletic_story_1400.jpg,Athletics
What do we lose when interactions become transactions?,https://news.northeastern.edu/wp-content/uploads/2019/09/091919_MM_Patricia_Williams_1400.jpg,"Campus, Commun¬≠ity &amp; Events"
They want other Indonesian students to see Boston as a ‚Äòhome away from home‚Äô,https://news.northeastern.edu/wp-content/uploads/2019/09/092719_MM_Goldstein_004.jpg,Students
Deciphering the medieval secrets of the Dragon Prayer Book,https://news.northeastern.edu/wp-content/uploads/2019/09/090919_MM_Dragon_008.jpg,Research
September in photos ,https://news.northeastern.edu/wp-content/uploads/2019/09/090319_MM_Convocation_015-2.jpg,Photos and Videos
The four steps of cheese tasting,https://news.northeastern.edu/wp-content/uploads/2019/10/cheese-1400x933.jpg,Digital Projects
An exhibit that makes you question your reality,https://news.northeastern.edu/wp-content/uploads/2019/10/100219_RW_constructing_evidence_05.jpg,"Campus, Commun¬≠ity &amp; Events"
Northeastern University launches Institute for Experiential Artificial Intelligence,https://news.northeastern.edu/wp-content/uploads/2019/10/AI_1400.jpg,Announcements &amp; Partnerships
"‚ÄòWhat do we want out of artificial intelligence? And, how do we get there?‚Äô",https://news.northeastern.edu/wp-content/uploads/2019/10/10.01.19_AG_Seattle_02.jpg,"Campus, Commun¬≠ity &amp; Events"
"They broke barriers, built companies, and became role models",https://news.northeastern.edu/wp-content/uploads/2019/10/100319_RW_Networked_for_life_25.jpg,"Campus, Commun¬≠ity &amp; Events"
Everything moves through networks. Here‚Äôs one network to rule them all.,https://news.northeastern.edu/wp-content/uploads/2019/09/091919_MM_Vespignani_Coronges_1400.jpg,Announcements &amp; Partnerships
"Northeastern is globally positioned for success, President Aoun tells Faculty Senate",https://news.northeastern.edu/wp-content/uploads/2019/10/100219_MM_Faculty_Senate_008.jpg,"Campus, Commun¬≠ity &amp; Events"
Did Giuliani break the law with his Ukraine meetings?,https://news.northeastern.edu/wp-content/uploads/2019/10/Rudy_Giuliani_1400.jpg,Faculty Experts &amp; Current Events
Not ready to pass the torch to robots? That‚Äôs fine‚Äîthey can‚Äôt grab it yet.,https://news.northeastern.edu/wp-content/uploads/2019/09/092319_MM_Tunik_arossi_017.jpg,Research
‚ÄòThe most reckless political experiment in human history‚Äô,https://news.northeastern.edu/wp-content/uploads/2019/09/india_1400.jpg,"Campus, Commun¬≠ity &amp; Events"
September in a flash,https://news.northeastern.edu/wp-content/uploads/2019/09/SeptemberinaFlash-Featured.jpg,Photos and Videos
Can‚Äôt-miss events in October,https://news.northeastern.edu/wp-content/uploads/2019/09/cantmissevents1400.jpg,"Campus, Commun¬≠ity &amp; Events"
He wants to introduce you to the bacteria in your tap water,https://news.northeastern.edu/wp-content/uploads/2019/09/091719_RW_Ameet_Pinto_62b.jpg,Research
"How robots can help veterans, or patients with dementia",https://news.northeastern.edu/wp-content/uploads/2019/09/091719_MM_Arielle_Scoglio001.jpg,Research
"Subscribe to <i>Litmus</i> on Apple or Google podcasts, and you could win some AirPods!",https://news.northeastern.edu/wp-content/uploads/2019/09/litmus-contest-1400x933.jpg,Digital Projects
Marine organisms can evolve and adapt to new climates. But will they?,https://news.northeastern.edu/wp-content/uploads/2019/09/sad_fish_1400.jpg,Faculty Experts &amp; Current Events